,precision,recall,f1-score,support
HIGH,0.7142857142857143,1.0,0.8333333333333334,5.0
MEDIUM,0.0,0.0,0.0,0.0
NORMAL,1.0,0.5882352941176471,0.7407407407407407,17.0
accuracy,0.6818181818181818,0.6818181818181818,0.6818181818181818,0.6818181818181818
macro avg,0.5714285714285715,0.5294117647058824,0.5246913580246914,22.0
weighted avg,0.9350649350649352,0.6818181818181818,0.7617845117845118,22.0
