,precision,recall,f1-score,support
HIGH,0.9615384615384616,1.0,0.9803921568627451,25.0
MEDIUM,0.0,0.0,0.0,0.0
NORMAL,1.0,0.9878048780487805,0.9938650306748467,82.0
accuracy,0.9906542056074766,0.9906542056074766,0.9906542056074766,0.9906542056074766
macro avg,0.6538461538461539,0.6626016260162602,0.6580857291791973,107.0
weighted avg,0.9910136592379584,0.9906542056074766,0.9907171629617387,107.0
