,precision,recall,f1-score,support
HIGH,0.8333333333333334,1.0,0.9090909090909091,5.0
MEDIUM,0.0,0.0,0.0,0.0
NORMAL,1.0,0.9411764705882353,0.9696969696969697,17.0
accuracy,0.9545454545454546,0.9545454545454546,0.9545454545454546,0.9545454545454546
macro avg,0.6111111111111112,0.6470588235294118,0.6262626262626263,22.0
weighted avg,0.9621212121212122,0.9545454545454546,0.9559228650137741,22.0
