,precision,recall,f1-score,support
HIGH,0.7272727272727273,0.96,0.8275862068965517,25.0
MEDIUM,0.0,0.0,0.0,0.0
NORMAL,1.0,0.5853658536585366,0.7384615384615385,82.0
accuracy,0.6728971962616822,0.6728971962616822,0.6728971962616822,0.6728971962616822
macro avg,0.5757575757575758,0.5151219512195122,0.5220159151193634,107.0
weighted avg,0.9362786745964317,0.6728971962616822,0.7592850591239247,107.0
