class,count,percentage
Not Urgent,69,0.696969696969697
Urgent,30,0.30303030303030304
