rule_id,frequency,total_rule_prediction_seconds
R2,1,0.039854700000432786
R3,3,0.039854700000432786
R4,4,0.039854700000432786
R6,5,0.039854700000432786
R7,14,0.039854700000432786
R8,75,0.039854700000432786
